"","output"
"1","PSPTO_0044"
"2","PSPTO_0061"
"3","PSPTO_0462"
"4","PSPTO_0463"
"5","PSPTO_0464"
"6","PSPTO_0579"
"7","PSPTO_0774"
"8","PSPTO_1203"
"9","PSPTO_1379"
"10","PSPTO_1380"
"11","PSPTO_1381"
"12","PSPTO_1386"
"13","PSPTO_1389"
"14","PSPTO_1391"
"15","PSPTO_1396"
"16","PSPTO_1404"
"17","PSPTO_1405"
"18","PSPTO_1506"
"19","PSPTO_1507"
"20","PSPTO_1631"
"21","PSPTO_1632"
"22","PSPTO_1633"
"23","PSPTO_2510"
"24","PSPTO_2695"
"25","PSPTO_2697"
"26","PSPTO_2952"
"27","PSPTO_3087"
"28","PSPTO_3127"
"29","PSPTO_3157"
"30","PSPTO_3510"
"31","PSPTO_3564"
"32","PSPTO_4001"
"33","PSPTO_4143"
"34","PSPTO_4159"
"35","PSPTO_4331"
"36","PSPTO_4332"
"37","PSPTO_4357"
"38","PSPTO_4588"
"39","PSPTO_5295"
"40","PSPTO_5353"
"41","PSPTO_5622"
